"","videoId","textDisplay","textOriginal","authorDisplayName","authorProfileImageUrl","authorChannelUrl","authorChannelId.value","canRate","viewerRating","likeCount","publishedAt","updatedAt"
"1","GL6dasaA9e0","Shame on you.. you share your bacteria with your dog, you sick fuck... you do look like that type of guy...","Shame on you.. you share your bacteria with your dog, you sick fuck... you do look like that type of guy...","aggie","https://yt3.ggpht.com/a/AATXAJwFxF4SMNXGrPLVhi4FW6bciY9mNmG-e2KuwQ=s48-c-k-c0xffffffff-no-rj-mo","http://www.youtube.com/channel/UCTDG0YjkY2dW5lrUWLipdJg","UCTDG0YjkY2dW5lrUWLipdJg","TRUE","none","0","2020-10-19T06:55:58Z","2020-10-19T06:55:58Z"
"2","GL6dasaA9e0","Liter a week <U+0001F923><U+0001F923><U+0001F923><U+0001F923><U+0001F923><U+0001F923><U+0001F923>","Liter a week <U+0001F923><U+0001F923><U+0001F923><U+0001F923><U+0001F923><U+0001F923><U+0001F923>","MANU","https://yt3.ggpht.com/a/AATXAJyZmddJJyfBsrAKVHFkud55zppVMiPNt2aJqhjW6g=s48-c-k-c0xffffffff-no-rj-mo","http://www.youtube.com/channel/UC29Xbk3BQEh37nXKs1LSc7A","UC29Xbk3BQEh37nXKs1LSc7A","TRUE","none","0","2020-10-19T03:19:21Z","2020-10-19T03:19:21Z"
"3","GL6dasaA9e0","FECAL TRANSPLANT??","FECAL TRANSPLANT??","Elleyona SpG","https://yt3.ggpht.com/a/AATXAJyQrqsxYEQjOfNkJxcv_adMRw6nXcTFK07sww=s48-c-k-c0xffffffff-no-rj-mo","http://www.youtube.com/channel/UCIhVr3ETbZdBSfJmmSh2Quw","UCIhVr3ETbZdBSfJmmSh2Quw","TRUE","none","0","2020-10-18T21:37:48Z","2020-10-18T21:37:48Z"
"4","GL6dasaA9e0","I've been eating that for 60 years how come I'm not Dead","I've been eating that for 60 years how come I'm not Dead","Frank Lyons","https://yt3.ggpht.com/a/AATXAJwLkWTq1BsLL04xndwi3x9iOqAUd24za4hXFg=s48-c-k-c0xffffffff-no-rj-mo","http://www.youtube.com/channel/UC4TAr8IzBn4KETqVLHH5rHg","UC4TAr8IzBn4KETqVLHH5rHg","TRUE","none","0","2020-10-18T15:13:20Z","2020-10-18T15:13:20Z"
"5","GL6dasaA9e0","Boo lies these foods are healthy","Boo lies these foods are healthy","Pesho musukuma","https://yt3.ggpht.com/a/AATXAJzrkrnrgNt7zjvhEaU0F3ToFYDug5fZ2rjpiw=s48-c-k-c0xffffffff-no-rj-mo","http://www.youtube.com/channel/UCzBY8_qA99WDyY8glyQk7ag","UCzBY8_qA99WDyY8glyQk7ag","TRUE","none","0","2020-10-18T14:50:51Z","2020-10-18T14:50:51Z"
"6","GL6dasaA9e0","I think the only kumbaya here is the dr. Bringing  us more confusion  than advise","I think the only kumbaya here is the dr. Bringing  us more confusion  than advise","Alba Solorzano","https://yt3.ggpht.com/a/AATXAJxz7kSqL00KupcZAaatlEG2XVZbs3YlLjDQnA=s48-c-k-c0xffffffff-no-rj-mo","http://www.youtube.com/channel/UCENWvNIcHwBSq2QYI01oUEw","UCENWvNIcHwBSq2QYI01oUEw","TRUE","none","0","2020-10-18T13:28:57Z","2020-10-18T13:28:57Z"
"7","GL6dasaA9e0","I am not a tin hat wearer, however I have heard that young black people have been found having been autopsied with their innards missing!","I am not a tin hat wearer, however I have heard that young black people have been found having been autopsied with their innards missing!","John Gordon","https://yt3.ggpht.com/a/AATXAJzqiCAvg2-YDln75_44m997oAEFidetX3z4LlXoGQ=s48-c-k-c0xffffffff-no-rj-mo","http://www.youtube.com/channel/UC9Daneylv3H9-_I1aivtY-g","UC9Daneylv3H9-_I1aivtY-g","TRUE","none","0","2020-10-18T08:16:32Z","2020-10-18T08:18:02Z"
"8","GL6dasaA9e0","Here's a link to one study about someone gaining weight after a fecal transplant. Not the exact same details as what he said, but the conclusion is the same. https://www.ncbi.nlm.nih.gov/pmc/articles/PMC4438885/","Here's a link to one study about someone gaining weight after a fecal transplant. Not the exact same details as what he said, but the conclusion is the same. https://www.ncbi.nlm.nih.gov/pmc/articles/PMC4438885/","Marshall Gittler","https://yt3.ggpht.com/a/AATXAJx3KYKajDOzTEjRqqT8VnF0pETLp0m2m2WI54P1tA=s48-c-k-c0xffffffff-no-rj-mo","http://www.youtube.com/channel/UCmDH6HRojEGOmRAiE79TacA","UCmDH6HRojEGOmRAiE79TacA","TRUE","none","0","2020-10-17T19:03:08Z","2020-10-17T19:03:08Z"
"9","GL6dasaA9e0","Ok that´s enough of internet for today.","Ok that´s enough of internet for today.","Paulo Ferro","https://yt3.ggpht.com/a/AATXAJyzoHcdNuLzMRkNaZsxgp15b4z8_HvMjwPcrgejTg=s48-c-k-c0xffffffff-no-rj-mo","http://www.youtube.com/channel/UCTvtMkwFo7ZJGh00whM7ZtA","UCTvtMkwFo7ZJGh00whM7ZtA","TRUE","none","0","2020-10-17T17:03:19Z","2020-10-17T17:03:19Z"
"10","GL6dasaA9e0","At 17min what about equatorial people?","At 17min what about equatorial people?","Malach211","https://yt3.ggpht.com/a/AATXAJynuDN-boCpTi0Sm8qyN3ySiP7jF4nKiAN3UA=s48-c-k-c0xffffffff-no-rj-mo","http://www.youtube.com/channel/UCd6x8JvaVidROFCongKfbyA","UCd6x8JvaVidROFCongKfbyA","TRUE","none","0","2020-10-17T00:38:32Z","2020-10-17T00:38:32Z"
"11","GL6dasaA9e0","someone tell this ""doctor"" he actualy needs carnivore diet :D ,he literaly removed everything but he still needs fats and he fucking eats 1 litre of olive oil rofl ,whats even worse hes talking about foods that didnt exist 500 years ago ,fucking olive oil was invented when machines that could produce it were invented and thats less then 100 years ago","someone tell this ""doctor"" he actualy needs carnivore diet :D ,he literaly removed everything but he still needs fats and he fucking eats 1 litre of olive oil rofl ,whats even worse hes talking about foods that didnt exist 500 years ago ,fucking olive oil was invented when machines that could produce it were invented and thats less then 100 years ago","Dejan Soskic","https://yt3.ggpht.com/a/AATXAJznuc673T2u-bCG0DNZolP8caRhxev-tbwEN8_3hA=s48-c-k-c0xffffffff-no-rj-mo","http://www.youtube.com/channel/UCM32IKYMAMPPx9Xj2NvaW-Q","UCM32IKYMAMPPx9Xj2NvaW-Q","TRUE","none","0","2020-10-16T15:25:02Z","2020-10-16T15:25:54Z"
"12","GL6dasaA9e0","yea i stopped watching when he said put 1 liter of olive oil in your mouth.","yea i stopped watching when he said put 1 liter of olive oil in your mouth.","J - R3d","https://yt3.ggpht.com/a/AATXAJypfAAVXmdagZErD1ZS3y4de-2z4VcqXZv011phPw=s48-c-k-c0xffffffff-no-rj-mo","http://www.youtube.com/channel/UCGMWiFuEAUZYK_7vD4EvOkw","UCGMWiFuEAUZYK_7vD4EvOkw","TRUE","none","0","2020-10-16T14:25:13Z","2020-10-16T14:25:13Z"
"13","GL6dasaA9e0","Does anyone want to donate me their happy poop?","Does anyone want to donate me their happy poop?","Th3M41nCompon3nt","https://yt3.ggpht.com/a/AATXAJxxCxqvQBtlVjDUJWt0cTJ44oC8XeluWyeUjQ=s48-c-k-c0xffffffff-no-rj-mo","http://www.youtube.com/channel/UC-7n7nMPLVKFBaMUyRf8oQQ","UC-7n7nMPLVKFBaMUyRf8oQQ","TRUE","none","0","2020-10-16T13:26:04Z","2020-10-16T13:26:04Z"
"14","GL6dasaA9e0","genius","genius","kris klaus","https://yt3.ggpht.com/a/AATXAJxx6MJEufzIazRKA48q6ymkgiuOAzGfhliPBsOUZg=s48-c-k-c0xffffffff-no-rj-mo","http://www.youtube.com/channel/UC2jDIdhaWYKSI6_d0L9bm0A","UC2jDIdhaWYKSI6_d0L9bm0A","TRUE","none","0","2020-10-15T22:53:04Z","2020-10-15T22:53:04Z"
"15","GL6dasaA9e0","All the foods he mentioned make me feel sink, what a coincidence, and i never eat them anymore","All the foods he mentioned make me feel sink, what a coincidence, and i never eat them anymore","kris klaus","https://yt3.ggpht.com/a/AATXAJxx6MJEufzIazRKA48q6ymkgiuOAzGfhliPBsOUZg=s48-c-k-c0xffffffff-no-rj-mo","http://www.youtube.com/channel/UC2jDIdhaWYKSI6_d0L9bm0A","UC2jDIdhaWYKSI6_d0L9bm0A","TRUE","none","0","2020-10-15T22:52:42Z","2020-10-15T22:52:42Z"
"16","GL6dasaA9e0","He went to Michigan, nothing he says can be trusted.","He went to Michigan, nothing he says can be trusted.","Jason Richards","https://yt3.ggpht.com/a/AATXAJwV0TMHV_U0oUABMeiQKU7A0_DbqqgKcMgMMOVS=s48-c-k-c0xffffffff-no-rj-mo","http://www.youtube.com/channel/UCCGLUoh6sJ5O3nlCLFJODZw","UCCGLUoh6sJ5O3nlCLFJODZw","TRUE","none","1","2020-10-15T17:14:46Z","2020-10-15T17:14:46Z"
"17","GL6dasaA9e0","I eat kidney beans for one month  and my sinus infection has disappeared  .this is because it  high fibre content clean my colon  an clear out all toxin that are being reabsorbed in my blood stream  .so this this guy can fuck him self","I eat kidney beans for one month  and my sinus infection has disappeared  .this is because it  high fibre content clean my colon  an clear out all toxin that are being reabsorbed in my blood stream  .so this this guy can fuck him self","Roger Singh","https://yt3.ggpht.com/a/AATXAJxr_bpEYLnmEgNYwBlnBAEpWlHTv4_IlT0GWA=s48-c-k-c0xffffffff-no-rj-mo","http://www.youtube.com/channel/UCVfSwE-5KOeZS9dhL3nJPSQ","UCVfSwE-5KOeZS9dhL3nJPSQ","TRUE","none","0","2020-10-14T01:39:52Z","2020-10-14T01:39:52Z"
"18","GL6dasaA9e0","lol! Another charlatan!","lol! Another charlatan!","J. M.","https://yt3.ggpht.com/a/AATXAJxlHiT9-NEfT003DX_oycWuxwnI73rqQwNuITOqPw=s48-c-k-c0xffffffff-no-rj-mo","http://www.youtube.com/channel/UCm11hEnr2olb-MkIkkQhfDw","UCm11hEnr2olb-MkIkkQhfDw","TRUE","none","0","2020-10-13T20:05:48Z","2020-10-13T20:05:48Z"
"19","GL6dasaA9e0","Maditaranian food is the best that's my food and I learned that celery juice start little at a time,will take away all desiseses","Maditaranian food is the best that's my food and I learned that celery juice start little at a time,will take away all desiseses","Maryann Mcnair","https://yt3.ggpht.com/a/AATXAJyVLaXz6_zjMoFiNTTn4Ge2O_UFb2qHwuuKUkXq_Q=s48-c-k-c0xffffffff-no-rj-mo","http://www.youtube.com/channel/UCYUXj4lJ86PXwUbuGtBv6Kw","UCYUXj4lJ86PXwUbuGtBv6Kw","TRUE","none","0","2020-10-13T15:04:04Z","2020-10-13T15:04:04Z"
"20","GL6dasaA9e0","O.m.gosh I'm from Malta I thankyou for your teaching I eat peanut butter crackers every day,rice and pinto beans every day my food is Italian I'm done with deadly foods Godbless","O.m.gosh I'm from Malta I thankyou for your teaching I eat peanut butter crackers every day,rice and pinto beans every day my food is Italian I'm done with deadly foods Godbless","Maryann Mcnair","https://yt3.ggpht.com/a/AATXAJyVLaXz6_zjMoFiNTTn4Ge2O_UFb2qHwuuKUkXq_Q=s48-c-k-c0xffffffff-no-rj-mo","http://www.youtube.com/channel/UCYUXj4lJ86PXwUbuGtBv6Kw","UCYUXj4lJ86PXwUbuGtBv6Kw","TRUE","none","0","2020-10-13T14:57:43Z","2020-10-13T14:57:43Z"
"21","GL6dasaA9e0","I just ate a can of baked beans on toast, then watched this <U+0001F602>","I just ate a can of baked beans on toast, then watched this <U+0001F602>","Destiny Delaney","https://yt3.ggpht.com/a/AATXAJzRAZip9NLGQpdQReOwIE63hySypNsRLqN5Xrd8=s48-c-k-c0xffffffff-no-rj-mo","http://www.youtube.com/channel/UCWlk9P4QlicP4UH0kACzs0w","UCWlk9P4QlicP4UH0kACzs0w","TRUE","none","0","2020-10-13T13:53:26Z","2020-10-13T13:53:26Z"
"22","GL6dasaA9e0","<U+0646><U+062A><U+0638><U+062A>","<U+0646><U+062A><U+0638><U+062A>","Fatma Alwazan","https://yt3.ggpht.com/a/AATXAJxkiyGtCC4VKqUqaDvIk7PrENl-jLF2pLMoPw=s48-c-k-c0xffffffff-no-rj-mo","http://www.youtube.com/channel/UCYFsjT7zzCdtq0y02ksXZPQ","UCYFsjT7zzCdtq0y02ksXZPQ","TRUE","none","0","2020-10-13T09:24:14Z","2020-10-13T09:24:14Z"
"23","GL6dasaA9e0","This guy is good","This guy is good","Tania Blackwood","https://yt3.ggpht.com/a/AATXAJxrABv71fQowGF2mh5XhPRaI0_c1mZyvfBZTKB2ATo=s48-c-k-c0xffffffff-no-rj-mo","http://www.youtube.com/channel/UCJVuIW13O-8dtwqVf_CCHYw","UCJVuIW13O-8dtwqVf_CCHYw","TRUE","none","1","2020-10-12T22:03:09Z","2020-10-12T22:03:09Z"
"24","GL6dasaA9e0","Dr.sebi been said this","Dr.sebi been said this","lulu kulger","https://yt3.ggpht.com/a/AATXAJwF_XbBjGcj-iXwNa9vbswicmi9x-PjB-gm5g=s48-c-k-c0xffffffff-no-rj-mo","http://www.youtube.com/channel/UCeh3BAd9fPyYncwVeHSpD-g","UCeh3BAd9fPyYncwVeHSpD-g","TRUE","none","0","2020-10-12T04:48:45Z","2020-10-12T04:48:45Z"
"25","GL6dasaA9e0","The problem is meat and sugar, not beans.","The problem is meat and sugar, not beans.","Giselle Belly Dancer","https://yt3.ggpht.com/a/AATXAJypJEu7r5KazmA8hLXPG-3wcrmvYFhG1RRxsrGMYg=s48-c-k-c0xffffffff-no-rj-mo","http://www.youtube.com/channel/UCPxvoATd1XiCu_BHtISmoZQ","UCPxvoATd1XiCu_BHtISmoZQ","TRUE","none","0","2020-10-11T14:53:25Z","2020-10-11T14:53:53Z"
"26","GL6dasaA9e0","Lol Brazilians eat beans everyday. They are all alive. My father is 75  still eating beans","Lol Brazilians eat beans everyday. They are all alive. My father is 75  still eating beans","Giselle Belly Dancer","https://yt3.ggpht.com/a/AATXAJypJEu7r5KazmA8hLXPG-3wcrmvYFhG1RRxsrGMYg=s48-c-k-c0xffffffff-no-rj-mo","http://www.youtube.com/channel/UCPxvoATd1XiCu_BHtISmoZQ","UCPxvoATd1XiCu_BHtISmoZQ","TRUE","none","0","2020-10-11T14:53:05Z","2020-10-11T14:53:05Z"
"27","GL6dasaA9e0","I'm an alien no monkey genes in me.","I'm an alien no monkey genes in me.","Dee Dee Winfrey","https://yt3.ggpht.com/a/AATXAJydOouJr3yqCokASgNThVAifIXIQDOSoYuZBw=s48-c-k-c0xffffffff-no-rj-mo","http://www.youtube.com/channel/UCy7d_BxqzpjyMg_HLxYaurg","UCy7d_BxqzpjyMg_HLxYaurg","TRUE","none","0","2020-10-11T13:13:52Z","2020-10-11T13:13:52Z"
"28","GL6dasaA9e0","I think ""Big Ed"" should have a cut of this Docs profits! Really!","I think ""Big Ed"" should have a cut of this Docs profits! Really!","Jewels Easterman","https://yt3.ggpht.com/a/AATXAJxP3V2SJ7vksmn16feFlFDSO_A9RqGanogcaw=s48-c-k-c0xffffffff-no-rj-mo","http://www.youtube.com/channel/UCWKwi-jW2G1yOo4WkYM4z8Q","UCWKwi-jW2G1yOo4WkYM4z8Q","TRUE","none","0","2020-10-10T05:06:06Z","2020-10-10T05:06:06Z"
"29","GL6dasaA9e0","Almond butter is okay, but oh no, don't eat peanut butter though! How many kids survived peanut butter and jelly sandwiches, full of fruit, wheat and omg peanuts! Hey, students have been surviving on this stuff for generations! Pray over your food and be grateful... long enjoyable life! Be overly informed and paranoid and die from high blood pressure due to worry!","Almond butter is okay, but oh no, don't eat peanut butter though! How many kids survived peanut butter and jelly sandwiches, full of fruit, wheat and omg peanuts! Hey, students have been surviving on this stuff for generations! Pray over your food and be grateful... long enjoyable life! Be overly informed and paranoid and die from high blood pressure due to worry!","Jewels Easterman","https://yt3.ggpht.com/a/AATXAJxP3V2SJ7vksmn16feFlFDSO_A9RqGanogcaw=s48-c-k-c0xffffffff-no-rj-mo","http://www.youtube.com/channel/UCWKwi-jW2G1yOo4WkYM4z8Q","UCWKwi-jW2G1yOo4WkYM4z8Q","TRUE","none","0","2020-10-10T05:04:02Z","2020-10-10T05:04:02Z"
"30","GL6dasaA9e0","I eat a LOT of beans now.  Cook a pot of them each week in veggie broth with onions, garlic, red cabbage, celery, etc.  I eat all these beans because I switched to Plant Based eating.  Beans are my main protein.   I don’t pressure cook them.  I soak them for 10 hours in cold water, Boil them and then dump that water out and rinse the beans again.  Then cook them in veggie broth with all the above mentioned veggies.  I have been doing this about 3 months and on 8 October 2020 I had my Annual Physical and my cholesterol was better than it’s ever been in years.  My doctor seemed shocked and asked me when I last took the statin drug she had prescribed for me.  “3 Months Ago” I told her.","I eat a LOT of beans now.  Cook a pot of them each week in veggie broth with onions, garlic, red cabbage, celery, etc.  I eat all these beans because I switched to Plant Based eating.  Beans are my main protein.   I don’t pressure cook them.  I soak them for 10 hours in cold water, Boil them and then dump that water out and rinse the beans again.  Then cook them in veggie broth with all the above mentioned veggies.  I have been doing this about 3 months and on 8 October 2020 I had my Annual Physical and my cholesterol was better than it’s ever been in years.  My doctor seemed shocked and asked me when I last took the statin drug she had prescribed for me.  “3 Months Ago” I told her.","patrick Walsh","https://yt3.ggpht.com/a/AATXAJx5afDa7h1ollc7RRVc0YNRfIOwJrz4slbQUw=s48-c-k-c0xffffffff-no-rj-mo","http://www.youtube.com/channel/UCQes61e625eZCCyrPcBitXQ","UCQes61e625eZCCyrPcBitXQ","TRUE","none","1","2020-10-09T22:37:28Z","2020-10-09T22:41:47Z"
"31","GL6dasaA9e0","I’m not a big fan of this gundry Guy, i get a bad vibe from him....","I’m not a big fan of this gundry Guy, i get a bad vibe from him....","Elin Månsson","https://yt3.ggpht.com/a/AATXAJzoy5v5KjfHVXbs6-NeKAhkX2jDbVVxVW7a6-XTMw=s48-c-k-c0xffffffff-no-rj-mo","http://www.youtube.com/channel/UCMRT8cwzSb808c2TgiXWUDw","UCMRT8cwzSb808c2TgiXWUDw","TRUE","none","0","2020-10-09T20:39:49Z","2020-10-09T20:39:49Z"
"32","GL6dasaA9e0","I have grown  up eating  beans all my life and I am still very healthy","I have grown  up eating  beans all my life and I am still very healthy","Dora's Natural Hair World","https://yt3.ggpht.com/a/AATXAJwZEwwKhOgUBMfJsQoH4447f9cP6GoQOYS-0irnfQ=s48-c-k-c0xffffffff-no-rj-mo","http://www.youtube.com/channel/UCBXQvtlgwUpBOs-a92fwQ_Q","UCBXQvtlgwUpBOs-a92fwQ_Q","TRUE","none","0","2020-10-09T18:04:33Z","2020-10-09T18:04:33Z"
"33","GL6dasaA9e0","https://zoisuss.com/unhealthy-foods-which-you-thought-were-actually-good-for-you/ This is useful","https://zoisuss.com/unhealthy-foods-which-you-thought-were-actually-good-for-you/ This is useful","Saurabh Kumar","https://yt3.ggpht.com/a/AATXAJzVB8WCihuFh0z88ES99JKyhNSEhQvS8IPcA2iP=s48-c-k-c0xffffffff-no-rj-mo","http://www.youtube.com/channel/UCleQtVpLUGnEHo3PthnVfsg","UCleQtVpLUGnEHo3PthnVfsg","TRUE","none","0","2020-10-09T11:16:01Z","2020-10-09T11:16:01Z"
"34","GL6dasaA9e0","Natural Saturated Fat is NOT harmful to health  -  Refined Sugars & Processed Foods (including grains) are.","Natural Saturated Fat is NOT harmful to health  -  Refined Sugars & Processed Foods (including grains) are.","Wayne Pilling","https://yt3.ggpht.com/a/AATXAJxzTnhZVG9lwO52ubelhUFkAnRD3_kuZgm_apvS=s48-c-k-c0xffffffff-no-rj-mo","http://www.youtube.com/channel/UC8_vonI6vpeAR0DkKziPI_Q","UC8_vonI6vpeAR0DkKziPI_Q","TRUE","none","0","2020-10-08T10:16:01Z","2020-10-08T10:16:01Z"
"35","GL6dasaA9e0","I love Lewis! handsome and informative!","I love Lewis! handsome and informative!","omar el-aridi","https://yt3.ggpht.com/a/AATXAJyhsCapoeqATzo9oZcI4PMp-juwY43NNRa3Kvkh=s48-c-k-c0xffffffff-no-rj-mo","http://www.youtube.com/channel/UCjd0sOGfaJkRkiYUck7jMBQ","UCjd0sOGfaJkRkiYUck7jMBQ","TRUE","none","0","2020-10-08T02:29:53Z","2020-10-08T02:29:53Z"
"36","GL6dasaA9e0","False doctrines ... why you hate the Creators (Father - Son and Holy Spirit) ?  why are you such ungrateful children? no recognition no thanks to God who so unimaginably amazingly created all these around us...  Scientist proves?  God give you ="" David Rives Ministries ""  and "" CMI Video ""  ... but you close your eyes to Evidence because you don't like it the life style of God ... you don't want God to be your friend, you King ... because you chose your friends and your kings... animals and demons ...    John 1:10-18, Romans 1:18-32","False doctrines ... why you hate the Creators (Father - Son and Holy Spirit) ?  why are you such ungrateful children? no recognition no thanks to God who so unimaginably amazingly created all these around us...  Scientist proves?  God give you ="" David Rives Ministries ""  and "" CMI Video ""  ... but you close your eyes to Evidence because you don't like it the life style of God ... you don't want God to be your friend, you King ... because you chose your friends and your kings... animals and demons ...    John 1:10-18, Romans 1:18-32","crystal words","https://yt3.ggpht.com/a/AATXAJyTvu_YcOfEXQ5azBPUplFKdH-KPI7iuBetzWbD=s48-c-k-c0xffffffff-no-rj-mo","http://www.youtube.com/channel/UCY0H-_WFAXrujWHGHqj5Rog","UCY0H-_WFAXrujWHGHqj5Rog","TRUE","none","0","2020-10-07T20:14:29Z","2020-10-07T20:14:29Z"
"37","GL6dasaA9e0","One doctor says eat beans ,this guy say no.","One doctor says eat beans ,this guy say no.","ravi oli","https://yt3.ggpht.com/a/AATXAJyH9od-E_ParfWWf-Cm2pp3PbvN1kV8FkNPpQ=s48-c-k-c0xffffffff-no-rj-mo","http://www.youtube.com/channel/UCFKFRtn_vDCD3q_zeq_tWow","UCFKFRtn_vDCD3q_zeq_tWow","TRUE","none","0","2020-10-07T14:17:00Z","2020-10-07T14:17:00Z"
"38","GL6dasaA9e0","The Dr name checked Dr Sinclair - doesn't Dr Sinclair advocate against olive oil ? 
Also, erm, Spain, Greece & Italy produce alot of olive oil - I'd like to know who funded the experiments ( pinch of salt time?).
Do the Japanese consume alot of olive oil, or have they are something else over millienia that does the same job for long living that wouldn't be possible for our guts.","The Dr name checked Dr Sinclair - doesn't Dr Sinclair advocate against olive oil ? 
Also, erm, Spain, Greece & Italy produce alot of olive oil - I'd like to know who funded the experiments ( pinch of salt time?).
Do the Japanese consume alot of olive oil, or have they are something else over millienia that does the same job for long living that wouldn't be possible for our guts.","Jay Sterling","https://yt3.ggpht.com/a/AATXAJy44hEZSUigYw5QPkyweZfs9W2AlXwfeKWRLg=s48-c-k-c0xffffffff-no-rj-mo","http://www.youtube.com/channel/UCbHx6qARyyUqZEOy5-Wwgqg","UCbHx6qARyyUqZEOy5-Wwgqg","TRUE","none","1","2020-10-07T11:47:43Z","2020-10-07T11:50:54Z"
"39","GL6dasaA9e0","Cooking destroys all lectins! I would expect a doctor to know it but fear sells books so we cant have easy solutions.","Cooking destroys all lectins! I would expect a doctor to know it but fear sells books so we cant have easy solutions.","theagrafiotis","https://yt3.ggpht.com/a/AATXAJx0FqrgCLCriRHpqOPdf1JF-qeAldpajPoxfw=s48-c-k-c0xffffffff-no-rj-mo","http://www.youtube.com/channel/UCocf5mGK8a934KwGSLr5W-w","UCocf5mGK8a934KwGSLr5W-w","TRUE","none","1","2020-10-07T05:21:58Z","2020-10-07T05:21:58Z"
"40","GL6dasaA9e0","I CURE ALL KINDS OF HUMAN INFECTIONS & DISEASES WITH PURE NATURAL ROOTS <U+0001F342> & HERBS <U+0001F33F> .My herbal Medicine Is Tested And Trusted With 0% Side Effect and 100% Cure For STDs like HERPES,HPV,HIV & Non-STDs Eg CANCER,DIABETES, With 100% Proof..We Treat, But God Heals...<U+260E>Call /WhatsApp Us 24Hours A Day Via +2348076457633","I CURE ALL KINDS OF HUMAN INFECTIONS & DISEASES WITH PURE NATURAL ROOTS <U+0001F342> & HERBS <U+0001F33F> .My herbal Medicine Is Tested And Trusted With 0% Side Effect and 100% Cure For STDs like HERPES,HPV,HIV & Non-STDs Eg CANCER,DIABETES, With 100% Proof..We Treat, But God Heals...<U+260E>Call /WhatsApp Us 24Hours A Day Via +2348076457633","Dr Sambola","https://yt3.ggpht.com/a/AATXAJzADf9iBWgEXkrHt4hsga3cxZWPZn4Q6IS3Gw=s48-c-k-c0xffffffff-no-rj-mo","http://www.youtube.com/channel/UCeJTiBGFi2eCJY789cR0hNg","UCeJTiBGFi2eCJY789cR0hNg","TRUE","none","0","2020-10-06T18:23:39Z","2020-10-06T18:23:39Z"
"41","GL6dasaA9e0","As much as I want to watch this video, I just can't bear to be forced to watch it at normal speed. Please make these changes so that we can consume your great content as we see fit. Thank you!","As much as I want to watch this video, I just can't bear to be forced to watch it at normal speed. Please make these changes so that we can consume your great content as we see fit. Thank you!","FREE AIR","https://yt3.ggpht.com/a/AATXAJx2yHmJ81Ii0JLVNUvP7tFFtxnlLS0dq5atcWKyNRs=s48-c-k-c0xffffffff-no-rj-mo","http://www.youtube.com/channel/UCx4P0GHsJxt0YnNkBc8n2ag","UCx4P0GHsJxt0YnNkBc8n2ag","TRUE","none","0","2020-10-06T16:18:28Z","2020-10-06T16:18:28Z"
"42","GL6dasaA9e0","Why would we be limited and not able to watch this video at speeds other than normal?","Why would we be limited and not able to watch this video at speeds other than normal?","FREE AIR","https://yt3.ggpht.com/a/AATXAJx2yHmJ81Ii0JLVNUvP7tFFtxnlLS0dq5atcWKyNRs=s48-c-k-c0xffffffff-no-rj-mo","http://www.youtube.com/channel/UCx4P0GHsJxt0YnNkBc8n2ag","UCx4P0GHsJxt0YnNkBc8n2ag","TRUE","none","0","2020-10-06T16:15:33Z","2020-10-06T16:15:33Z"
"43","GL6dasaA9e0","Unless it's an issue on my end, for some reason I'm not able to speed this video up, very frustrating. 1.5 and 2x are life savers","Unless it's an issue on my end, for some reason I'm not able to speed this video up, very frustrating. 1.5 and 2x are life savers","FREE AIR","https://yt3.ggpht.com/a/AATXAJx2yHmJ81Ii0JLVNUvP7tFFtxnlLS0dq5atcWKyNRs=s48-c-k-c0xffffffff-no-rj-mo","http://www.youtube.com/channel/UCx4P0GHsJxt0YnNkBc8n2ag","UCx4P0GHsJxt0YnNkBc8n2ag","TRUE","none","0","2020-10-06T16:14:56Z","2020-10-06T16:14:56Z"
"44","GL6dasaA9e0","Wtf does he eat dog shit !!! <U+0001F4A9> everyone is turning to health food they are gonna poison our water and vegetables","Wtf does he eat dog shit !!! <U+0001F4A9> everyone is turning to health food they are gonna poison our water and vegetables","Chico Bandito","https://yt3.ggpht.com/a/AATXAJxblU6KcF9E56NzBv0D9gJm4rWbsxrd-Bcq-g=s48-c-k-c0xffffffff-no-rj-mo","http://www.youtube.com/channel/UCqj0g_TKqP-KFtqatppk5dQ","UCqj0g_TKqP-KFtqatppk5dQ","TRUE","none","0","2020-10-06T12:00:08Z","2020-10-06T12:00:08Z"
"45","GL6dasaA9e0","What happened to the keto carnivore diet !!! WTF","What happened to the keto carnivore diet !!! WTF","AbsarokaMedia","https://yt3.ggpht.com/a/AATXAJzg_KCK_KbWedwMCMqHzx7SxMrp5NU5eshgglpl=s48-c-k-c0xffffffff-no-rj-mo","http://www.youtube.com/channel/UCcbVTDzb7Uv8qSSPkUSCxGA","UCcbVTDzb7Uv8qSSPkUSCxGA","TRUE","none","0","2020-10-06T01:18:35Z","2020-10-06T01:18:35Z"
"46","GL6dasaA9e0","Don't eat saturated fat??   Does that mean no whole-milk yogurt, no red meat, no cheese?  He says tubers are good, but beets are a tuber/root crop and loaded with beet sugar; they are also supposed to help with blood flow.  Hmmmmm....","Don't eat saturated fat??   Does that mean no whole-milk yogurt, no red meat, no cheese?  He says tubers are good, but beets are a tuber/root crop and loaded with beet sugar; they are also supposed to help with blood flow.  Hmmmmm....","startlepoint","https://yt3.ggpht.com/a/AATXAJybnuPDsLKzf3ymlTbbD2IAMzbssEzxSGxQFMxI=s48-c-k-c0xffffffff-no-rj-mo","http://www.youtube.com/channel/UC3mlBlEaxHneYNER66RObaA","UC3mlBlEaxHneYNER66RObaA","TRUE","none","0","2020-10-05T20:35:46Z","2020-10-05T20:35:46Z"
"47","GL6dasaA9e0","I think he's talking about midichlorians... DID YOU FORGET TO TAKE YOUR MEDICINE WHILE WATCHING STAR WARS? (You have to speak loudly like that when they start going senile.)","I think he's talking about midichlorians... DID YOU FORGET TO TAKE YOUR MEDICINE WHILE WATCHING STAR WARS? (You have to speak loudly like that when they start going senile.)","Sina Bayer","https://yt3.ggpht.com/a/AATXAJxsM63Kh1qEaIL3A2l7l-7NoPFzcIJhCP-lpA=s48-c-k-c0xffffffff-no-rj-mo","http://www.youtube.com/channel/UCAqcmvri9d7BVWHtiMAt6iA","UCAqcmvri9d7BVWHtiMAt6iA","TRUE","none","0","2020-10-05T19:52:01Z","2020-10-05T19:52:01Z"
"48","GL6dasaA9e0","If we evolved from an ape, why are humans not still evolving?","If we evolved from an ape, why are humans not still evolving?","Songs Mail","https://yt3.ggpht.com/a/AATXAJy-X0m__KTPkivu9iSTUsLYhjs7jPAwi8VJpA=s48-c-k-c0xffffffff-no-rj-mo","http://www.youtube.com/channel/UCo0vDM-AFSU0vVl1uSkzC1Q","UCo0vDM-AFSU0vVl1uSkzC1Q","TRUE","none","0","2020-10-05T19:24:26Z","2020-10-05T19:24:26Z"
"49","GL6dasaA9e0","This is a video for the ignorant, arrogant.  For moronic buffoons :)","This is a video for the ignorant, arrogant.  For moronic buffoons :)","Slices of SIB","https://yt3.ggpht.com/a/AATXAJxAJGhE-WmmrhZYI7LVFcsGTYveWsMK0tMpZ1Ty=s48-c-k-c0xffffffff-no-rj-mo","http://www.youtube.com/channel/UCap9pgr3OdKFfnNl2Rp5b3Q","UCap9pgr3OdKFfnNl2Rp5b3Q","TRUE","none","0","2020-10-05T05:57:33Z","2020-10-05T06:03:56Z"
"50","GL6dasaA9e0","are you saying we only need to eat  OLIVE  OIL  and nothing else  ???","are you saying we only need to eat  OLIVE  OIL  and nothing else  ???","yehmiyah","https://yt3.ggpht.com/a/AATXAJzEIZ-MXqHYYelkvroY6bUdtt6fDZlfQcBTyoDANA=s48-c-k-c0xffffffff-no-rj-mo","http://www.youtube.com/channel/UCnd_QEEPxdmQp4iZaskahow","UCnd_QEEPxdmQp4iZaskahow","TRUE","none","0","2020-10-04T17:34:42Z","2020-10-04T17:34:42Z"
"51","GL6dasaA9e0","The only “human “ related to the apes are only the those who do not have melanin in them","The only “human “ related to the apes are only the those who do not have melanin in them","eddyb1883","https://yt3.ggpht.com/a/AATXAJwnhWuVNy8JxNRKTWfIdSRN4qOiFdxbmHwfmfBdoA=s48-c-k-c0xffffffff-no-rj-mo","http://www.youtube.com/channel/UCPySs-i7lAxR8QitU6fJxlQ","UCPySs-i7lAxR8QitU6fJxlQ","TRUE","none","1","2020-10-04T11:29:22Z","2020-10-04T11:29:22Z"
"52","GL6dasaA9e0","Bullshit alert, this guy is on my nogo list.
the hippocratic oath applies here. Your fired.","Bullshit alert, this guy is on my nogo list.
the hippocratic oath applies here. Your fired.","Time Lord","https://yt3.ggpht.com/a/AATXAJxeYs3CQ9FqNlX4bcgeMXQ8qwZ4FgvH3P_MMGYsig=s48-c-k-c0xffffffff-no-rj-mo","http://www.youtube.com/channel/UC2nQy8v5XVwwkomRRsxBPSA","UC2nQy8v5XVwwkomRRsxBPSA","TRUE","none","0","2020-10-04T02:48:26Z","2020-10-04T02:48:26Z"
"53","GL6dasaA9e0","Almost stopped watching as the idiot tried to push the we came from apes nonsense!","Almost stopped watching as the idiot tried to push the we came from apes nonsense!","Andre Bryant","https://yt3.ggpht.com/a/AATXAJySn2LAHKwg8E9Fhwvh2ZHYVf33Q7BJl460ow=s48-c-k-c0xffffffff-no-rj-mo","http://www.youtube.com/channel/UCM-xxeaSw_qheDIOLbIBxFw","UCM-xxeaSw_qheDIOLbIBxFw","TRUE","none","0","2020-10-03T20:16:23Z","2020-10-03T20:16:23Z"
"54","GL6dasaA9e0","Eat intuitively! Eat what makes you feel good. Doctors always have an opinion, they can't speak for everyone! Do you!","Eat intuitively! Eat what makes you feel good. Doctors always have an opinion, they can't speak for everyone! Do you!","Nairere Tomas Sjoo","https://yt3.ggpht.com/a/AATXAJx3kA7JKH3EJemGAt73n09AwXiFh8T0tYOuTLFbiw=s48-c-k-c0xffffffff-no-rj-mo","http://www.youtube.com/channel/UCo2HzqkcAoyd2O-tYbM5WBQ","UCo2HzqkcAoyd2O-tYbM5WBQ","TRUE","none","0","2020-10-03T19:17:37Z","2020-10-03T19:17:37Z"
"55","GL6dasaA9e0","According to Dr Gundry, everyone should only and solely drink a liter of olive oil a day and that's it! Did olive oil exist everywhere when we evolved?","According to Dr Gundry, everyone should only and solely drink a liter of olive oil a day and that's it! Did olive oil exist everywhere when we evolved?","Tarwin Grill","https://yt3.ggpht.com/a/AATXAJz21tz8HPCwZUtyGUu08zzdzRu3EpG0xJE7yQ=s48-c-k-c0xffffffff-no-rj-mo","http://www.youtube.com/channel/UCx4VBWKRbfOyFkryRyIIiGA","UCx4VBWKRbfOyFkryRyIIiGA","TRUE","none","0","2020-10-03T16:38:14Z","2020-10-03T16:38:14Z"
"56","GL6dasaA9e0","What about Polynesian islanders? Is fruit good to eat all year around because fruit was available all year round?","What about Polynesian islanders? Is fruit good to eat all year around because fruit was available all year round?","Okay Yeah","https://yt3.ggpht.com/a/AATXAJym8RsWJFT4mC5uz_6athCjcLgIj8kkx4x_GEkKDw=s48-c-k-c0xffffffff-no-rj-mo","http://www.youtube.com/channel/UCCJfcusHAh12x69FCWnGnCQ","UCCJfcusHAh12x69FCWnGnCQ","TRUE","none","1","2020-10-03T11:53:07Z","2020-10-03T11:53:07Z"
"57","GL6dasaA9e0","Just eat dust and air people and be healthy <U+0001F92A><U+0001F92A><U+0001F92A>","Just eat dust and air people and be healthy <U+0001F92A><U+0001F92A><U+0001F92A>","Bharati Rai","https://yt3.ggpht.com/a/AATXAJyDBqqGs657IbJgVenLO3zB3K5oAcYOUS_6Oiff=s48-c-k-c0xffffffff-no-rj-mo","http://www.youtube.com/channel/UCPuVqVz-dPwixK5id5teydQ","UCPuVqVz-dPwixK5id5teydQ","TRUE","none","1","2020-10-03T10:41:47Z","2020-10-03T10:41:47Z"
"58","GL6dasaA9e0","Fascinating... I am going to see how I go removing Grains, beans and nightshades for the next month and see how I feel....","Fascinating... I am going to see how I go removing Grains, beans and nightshades for the next month and see how I feel....","Starlette Reowsty","https://yt3.ggpht.com/a/AATXAJya77bXEXFrn1x3KMX88Zf8PX9mKUYIm-mAvg=s48-c-k-c0xffffffff-no-rj-mo","http://www.youtube.com/channel/UCT-i2CE4W7e8ArbU1c5p3sg","UCT-i2CE4W7e8ArbU1c5p3sg","TRUE","none","0","2020-10-03T10:23:41Z","2020-10-03T10:29:07Z"
"59","GL6dasaA9e0","Did he say what we CAN eat?!?","Did he say what we CAN eat?!?","M. Mimi","https://yt3.ggpht.com/a/AATXAJyDtV1mS6YvEHKljHoLib_L2wIS4JT-14j11zUs=s48-c-k-c0xffffffff-no-rj-mo","http://www.youtube.com/channel/UCx73AIJurfQva0RWlkFNOBw","UCx73AIJurfQva0RWlkFNOBw","TRUE","none","0","2020-10-03T00:20:40Z","2020-10-03T00:20:40Z"
"60","GL6dasaA9e0","This is the opposite of what Dr. McDougall recommends. Interesting. He says eat potatoes, beans - starch foods.","This is the opposite of what Dr. McDougall recommends. Interesting. He says eat potatoes, beans - starch foods.","-Lori- Aphantasia Gematria","https://yt3.ggpht.com/a/AATXAJxYCA7AHfQOnuIj3E9fQuU_pH1lejEK8_4Oa9Ip0vY=s48-c-k-c0xffffffff-no-rj-mo","http://www.youtube.com/channel/UC8x0KrwrMjr1FkJ479QJ7DQ","UC8x0KrwrMjr1FkJ479QJ7DQ","TRUE","none","1","2020-10-02T03:25:05Z","2020-10-02T03:25:05Z"
"61","GL6dasaA9e0","As a Christian, I do not believe in evolution because the Bible says God created man in His own image","As a Christian, I do not believe in evolution because the Bible says God created man in His own image","Mary Torti","https://yt3.ggpht.com/a/AATXAJwiVVfAyinOEnbj5MHxpSGjWoOCAIR4WhNmBg=s48-c-k-c0xffffffff-no-rj-mo","http://www.youtube.com/channel/UCVIMrUXSZapqxB-vLbQT9Zg","UCVIMrUXSZapqxB-vLbQT9Zg","TRUE","none","0","2020-10-02T03:24:45Z","2020-10-02T03:24:45Z"
"62","GL6dasaA9e0","I can't watch this because it won't allow me to turn down the quality of video and I have limited internet so I have to leave....    dumb asses for doing that.","I can't watch this because it won't allow me to turn down the quality of video and I have limited internet so I have to leave....    dumb asses for doing that.","Forest For the Trees","https://yt3.ggpht.com/a/AATXAJxgs8p0Ve106oKXMSdiIGBrlfiWx6Ainu0lhQ=s48-c-k-c0xffffffff-no-rj-mo","http://www.youtube.com/channel/UCVYuzPT2VSuc8wHpvIW0bSw","UCVYuzPT2VSuc8wHpvIW0bSw","TRUE","none","0","2020-10-01T01:40:03Z","2020-10-01T01:40:03Z"
"63","GL6dasaA9e0","Good News My People I Want To Appreciate Dr Agbonifo.
   Dr Agbonifo Herbal Medicine Is A Good Herbal Medicine For HERPES VIRUS  I Was Diagnosed With HERPES Virus Last Month And Was Looking For Solution To Be Cure Luckily I Saw A Testimonies On How Dr Agbonifo Cure HERPES VIRUS I Decided To Contact Him,He Prepared A Herbal tea And Sent It To Me I Started The Herbal Medicine For My Health.He Gave Me Instructions On How To Apply It When I Applied As Instructed And Now I’m Cured Of This Deadly Virus Within 3Weks I Am Now HERPES Negative I well No That There Are So Many People That Have There Same Herpes Virus Please Don’t Hesitate To Contact Him on WhatsApp +234 903 474 9874 And Get Healed.DR AGBONIFO IS ALSO SPECIALIZED IN TREATING ALS HEPATITIS B CANCER HERPES DIABETES INFERTILITY","Good News My People I Want To Appreciate Dr Agbonifo.
   Dr Agbonifo Herbal Medicine Is A Good Herbal Medicine For HERPES VIRUS  I Was Diagnosed With HERPES Virus Last Month And Was Looking For Solution To Be Cure Luckily I Saw A Testimonies On How Dr Agbonifo Cure HERPES VIRUS I Decided To Contact Him,He Prepared A Herbal tea And Sent It To Me I Started The Herbal Medicine For My Health.He Gave Me Instructions On How To Apply It When I Applied As Instructed And Now I’m Cured Of This Deadly Virus Within 3Weks I Am Now HERPES Negative I well No That There Are So Many People That Have There Same Herpes Virus Please Don’t Hesitate To Contact Him on WhatsApp +234 903 474 9874 And Get Healed.DR AGBONIFO IS ALSO SPECIALIZED IN TREATING ALS HEPATITIS B CANCER HERPES DIABETES INFERTILITY","Meaghan Tyler","https://yt3.ggpht.com/a/AATXAJxUprOXeLb2iGFa0s2H_YFth0mrzKycL6aRplRC=s48-c-k-c0xffffffff-no-rj-mo","http://www.youtube.com/channel/UCP_u21LiswMExc8skeEOTNg","UCP_u21LiswMExc8skeEOTNg","TRUE","none","0","2020-10-01T00:28:04Z","2020-10-01T00:28:04Z"
"64","GL6dasaA9e0","This vid guy no good","This vid guy no good","twin rays","https://yt3.ggpht.com/a/AATXAJx1Lh88d5VH5QkFV-dB9PFaS2oc9GhcoB1wpQ=s48-c-k-c0xffffffff-no-rj-mo","http://www.youtube.com/channel/UCgormMbfoIfJntSG6Wx1D7w","UCgormMbfoIfJntSG6Wx1D7w","TRUE","none","0","2020-09-30T18:01:50Z","2020-09-30T18:01:50Z"
"65","GL6dasaA9e0","Dr. Gundry is a quack.  He says the opposite of real facts.  He will claim to avoid lectins and then ofcourse push for his products to fight lectins that you can buy for $$.","Dr. Gundry is a quack.  He says the opposite of real facts.  He will claim to avoid lectins and then ofcourse push for his products to fight lectins that you can buy for $$.","Virgil Bello","https://yt3.ggpht.com/a/AATXAJwX8mE5vCxy2F_ceYF9T4ggBXPDkiYxpUtJneXtHQ=s48-c-k-c0xffffffff-no-rj-mo","http://www.youtube.com/channel/UCASZrBcLTkIwq_EOxM1XpcQ","UCASZrBcLTkIwq_EOxM1XpcQ","TRUE","none","0","2020-09-30T16:57:32Z","2020-09-30T16:57:32Z"
"66","GL6dasaA9e0","Some of the longest living people in the world eat beans and rice. How many culture's eat rice? These are healthy people.","Some of the longest living people in the world eat beans and rice. How many culture's eat rice? These are healthy people.","Weed Weaver","https://yt3.ggpht.com/a/AATXAJwcNtncUXnTT197Wh_U3ekqJDFca4plba7aaQ=s48-c-k-c0xffffffff-no-rj-mo","http://www.youtube.com/channel/UCQWXuvu_MGi9JbanzXiy1ZA","UCQWXuvu_MGi9JbanzXiy1ZA","TRUE","none","11","2020-09-30T15:04:27Z","2020-09-30T15:04:27Z"
"67","GL6dasaA9e0","I love this man. Acording to the guest, ""use a liter of olive oil a week. Purpose of food is to put olive oil in your mouth!"" Lewis Howe made a funny remark. ""Olive oil is the foutain of youth!""","I love this man. Acording to the guest, ""use a liter of olive oil a week. Purpose of food is to put olive oil in your mouth!"" Lewis Howe made a funny remark. ""Olive oil is the foutain of youth!""","bonglokta","https://yt3.ggpht.com/a/AATXAJxkEPVgsN8jOPgKbsx6BYLNunufj54pMt15Yldo=s48-c-k-c0xffffffff-no-rj-mo","http://www.youtube.com/channel/UC1PQ3hDV08ofiPsvgRf5H0w","UC1PQ3hDV08ofiPsvgRf5H0w","TRUE","none","1","2020-09-30T12:25:09Z","2020-09-30T12:25:09Z"
"68","GL6dasaA9e0","Seriously what a load of crap.","Seriously what a load of crap.","Kashif Shamim","https://yt3.ggpht.com/a/AATXAJwFUiD0Qi6V_MzMSP1qUPm7U6Ms9r0Giey_lA=s48-c-k-c0xffffffff-no-rj-mo","http://www.youtube.com/channel/UCFPqSVP13sYDMBC5DpqmnTQ","UCFPqSVP13sYDMBC5DpqmnTQ","TRUE","none","0","2020-09-30T08:42:43Z","2020-09-30T08:42:43Z"
"69","GL6dasaA9e0","Bro I have crones disease and beans literally fuck me up hard core","Bro I have crones disease and beans literally fuck me up hard core","Mikey Maine","https://yt3.ggpht.com/a/AATXAJxzGILxqMGJ_VUkZRmAAoOsVtp7QH6NTKqrzIKq=s48-c-k-c0xffffffff-no-rj-mo","http://www.youtube.com/channel/UCplw_L_NKdCgL6QQpnyEozg","UCplw_L_NKdCgL6QQpnyEozg","TRUE","none","0","2020-09-30T03:54:58Z","2020-09-30T03:54:58Z"
"70","GL6dasaA9e0","Is it ok to exist","Is it ok to exist","Nakshub hamid","https://yt3.ggpht.com/a/AATXAJwfaa_L-4mHsS5XCa1Fn-9HNYXfPoIfWSdsFlSzdg=s48-c-k-c0xffffffff-no-rj-mo","http://www.youtube.com/channel/UCEwwMxILrK287VDp9DIt1Gw","UCEwwMxILrK287VDp9DIt1Gw","TRUE","none","0","2020-09-29T14:27:24Z","2020-09-29T14:27:24Z"
"71","GL6dasaA9e0","Keep mocking him all you want you fools, he's at the forefront of helping people get better, enjoy your sugar and lectins, idiots...","Keep mocking him all you want you fools, he's at the forefront of helping people get better, enjoy your sugar and lectins, idiots...","Samuel Aubrey","https://yt3.ggpht.com/a/AATXAJxzymmca7ix2O6U1c0obsYuri2sSv5hlsN28A=s48-c-k-c0xffffffff-no-rj-mo","http://www.youtube.com/channel/UCsBvcFJrcnCkDUm_Vvgd-BA","UCsBvcFJrcnCkDUm_Vvgd-BA","TRUE","none","0","2020-09-29T10:55:00Z","2020-09-29T10:55:00Z"
"72","GL6dasaA9e0","This video: Don't eat beans, SEEDS, peanuts, peanut butter,","This video: Don't eat beans, SEEDS, peanuts, peanut butter,","Martin T","https://yt3.ggpht.com/a/AATXAJy_eC_I3t6OZCcYqedkQEz2cSzeFhw5gWH2HWumhQ=s48-c-k-c0xffffffff-no-rj-mo","http://www.youtube.com/channel/UCdysAtcvn6V3unZZTRazT9w","UCdysAtcvn6V3unZZTRazT9w","TRUE","none","0","2020-09-29T07:16:28Z","2020-09-29T07:16:28Z"
"73","GL6dasaA9e0","its so true, as a child and teenager I didn't like a lot of things and meat, but i liked beans. my mom cooked very deliciously pressure cooked beans and i ate a bit more of it and she was super happy, but in the morning I was hospitalized immediately ,  I was throwing up constantly and same time i had diarrhea,  my mom got so scared that i will die. WE never understood what it really was rather than that maybe i ate a big amount of beans, but even now i noticed my self whenever I eat beans, lentils, or chickpeas, i get superrrrrr bloated and i get too much gas which doesn't come out and get a hard time.","its so true, as a child and teenager I didn't like a lot of things and meat, but i liked beans. my mom cooked very deliciously pressure cooked beans and i ate a bit more of it and she was super happy, but in the morning I was hospitalized immediately ,  I was throwing up constantly and same time i had diarrhea,  my mom got so scared that i will die. WE never understood what it really was rather than that maybe i ate a big amount of beans, but even now i noticed my self whenever I eat beans, lentils, or chickpeas, i get superrrrrr bloated and i get too much gas which doesn't come out and get a hard time.","Meenah kakar","https://yt3.ggpht.com/a/AATXAJzXMc92GFhaBynUs0_sR4QUsui2xaS8Ubt9yQ=s48-c-k-c0xffffffff-no-rj-mo","http://www.youtube.com/channel/UCF9V8GGrA2Y9TjfQD966A-w","UCF9V8GGrA2Y9TjfQD966A-w","TRUE","none","0","2020-09-29T06:33:05Z","2020-09-29T06:33:05Z"
"74","GL6dasaA9e0","Just SPROUT YOUR BEANS OR PRESSURE COOK THEM.","Just SPROUT YOUR BEANS OR PRESSURE COOK THEM.","R. E.","https://yt3.ggpht.com/a/AATXAJwP6vjcp-nKdXpAsKqXkjbjdeD1_joyOi7Btw=s48-c-k-c0xffffffff-no-rj-mo","http://www.youtube.com/channel/UCxucIxF6U4h-TEIMKB4mffA","UCxucIxF6U4h-TEIMKB4mffA","TRUE","none","4","2020-09-28T23:49:07Z","2020-09-28T23:49:07Z"
"75","GL6dasaA9e0","This person  shakes the foundation of the word DR.","This person  shakes the foundation of the word DR.","Merv Schetter","https://yt3.ggpht.com/a/AATXAJz7vttJ82pAZMVYMJQtcgAovNSwYKaAeovHzQ=s48-c-k-c0xffffffff-no-rj-mo","http://www.youtube.com/channel/UCEhXBqvMoPK8QzD4t-uO_eg","UCEhXBqvMoPK8QzD4t-uO_eg","TRUE","none","0","2020-09-28T23:12:58Z","2020-09-28T23:12:58Z"
"76","GL6dasaA9e0","I'm enjoying the snarky comments directed at this con man. Plant based diet is great . It promotes food.","I'm enjoying the snarky comments directed at this con man. Plant based diet is great . It promotes food.","Rebecca Bosley","https://yt3.ggpht.com/a/AATXAJxKMhpC7AXnQ6mbO9AhSJ5UqeHBKh4dPI2gWH8tsg=s48-c-k-c0xffffffff-no-rj-mo","http://www.youtube.com/channel/UCE02P8y-OaXluBExiBd_T4w","UCE02P8y-OaXluBExiBd_T4w","TRUE","none","1","2020-09-28T22:45:18Z","2020-09-28T22:45:18Z"
"77","GL6dasaA9e0","Peanut-Butter..... well it make's me PUKE......","Peanut-Butter..... well it make's me PUKE......","Larry Nivren","https://yt3.ggpht.com/a/AATXAJwbKx09LMI9w5M0bmy-FbnceGafHJQ1_auuBQ=s48-c-k-c0xffffffff-no-rj-mo","http://www.youtube.com/channel/UCmHVekehD_PG8LiaDG7al0A","UCmHVekehD_PG8LiaDG7al0A","TRUE","none","0","2020-09-28T21:42:24Z","2020-09-28T21:42:24Z"
"78","GL6dasaA9e0","Ask anybody from Italy/Greece/France/Spain/Portugal: The SECRET for HEALTHY L-O-N-G LIFE is a GLASS of GOOD R-E-D WINE REGULARLY......","Ask anybody from Italy/Greece/France/Spain/Portugal: The SECRET for HEALTHY L-O-N-G LIFE is a GLASS of GOOD R-E-D WINE REGULARLY......","Larry Nivren","https://yt3.ggpht.com/a/AATXAJwbKx09LMI9w5M0bmy-FbnceGafHJQ1_auuBQ=s48-c-k-c0xffffffff-no-rj-mo","http://www.youtube.com/channel/UCmHVekehD_PG8LiaDG7al0A","UCmHVekehD_PG8LiaDG7al0A","TRUE","none","0","2020-09-28T21:20:17Z","2020-09-28T21:20:17Z"
"79","GL6dasaA9e0","W-H-O-L-E GRAIN Baguette/Pasta.... That's a JOKE..... do you want to INSULT frensh/italian people?","W-H-O-L-E GRAIN Baguette/Pasta.... That's a JOKE..... do you want to INSULT frensh/italian people?","Larry Nivren","https://yt3.ggpht.com/a/AATXAJwbKx09LMI9w5M0bmy-FbnceGafHJQ1_auuBQ=s48-c-k-c0xffffffff-no-rj-mo","http://www.youtube.com/channel/UCmHVekehD_PG8LiaDG7al0A","UCmHVekehD_PG8LiaDG7al0A","TRUE","none","0","2020-09-28T21:17:54Z","2020-09-28T21:17:54Z"
"80","GL6dasaA9e0","Humans COOK food for MANY THOUSANDS OF YEARS for GOOD REASON..... so they COOK BEANS too FOR GOOD reason..... COOKED BEANS are HEALTHY......","Humans COOK food for MANY THOUSANDS OF YEARS for GOOD REASON..... so they COOK BEANS too FOR GOOD reason..... COOKED BEANS are HEALTHY......","Larry Nivren","https://yt3.ggpht.com/a/AATXAJwbKx09LMI9w5M0bmy-FbnceGafHJQ1_auuBQ=s48-c-k-c0xffffffff-no-rj-mo","http://www.youtube.com/channel/UCmHVekehD_PG8LiaDG7al0A","UCmHVekehD_PG8LiaDG7al0A","TRUE","none","0","2020-09-28T21:06:06Z","2020-09-28T21:06:06Z"
"81","GL6dasaA9e0","With REAL GOOD Olive Oil..... He is right......","With REAL GOOD Olive Oil..... He is right......","Larry Nivren","https://yt3.ggpht.com/a/AATXAJwbKx09LMI9w5M0bmy-FbnceGafHJQ1_auuBQ=s48-c-k-c0xffffffff-no-rj-mo","http://www.youtube.com/channel/UCmHVekehD_PG8LiaDG7al0A","UCmHVekehD_PG8LiaDG7al0A","TRUE","none","1","2020-09-28T21:03:23Z","2020-09-28T21:03:23Z"
"82","GL6dasaA9e0","starve the microbiota from saturated fats?? This guy is an idiot","starve the microbiota from saturated fats?? This guy is an idiot","DiggingNorway","https://yt3.ggpht.com/a/AATXAJzvk1iS8pAoButFWUmfvd_LnwuJGqwdOs1in3nI=s48-c-k-c0xffffffff-no-rj-mo","http://www.youtube.com/channel/UCjpuvywmHwBFlmhT5fDVioQ","UCjpuvywmHwBFlmhT5fDVioQ","TRUE","none","0","2020-09-28T18:55:08Z","2020-09-28T18:55:08Z"
"83","GL6dasaA9e0","almond butter!!!?? they are stuffed with oxalates!","almond butter!!!?? they are stuffed with oxalates!","DiggingNorway","https://yt3.ggpht.com/a/AATXAJzvk1iS8pAoButFWUmfvd_LnwuJGqwdOs1in3nI=s48-c-k-c0xffffffff-no-rj-mo","http://www.youtube.com/channel/UCjpuvywmHwBFlmhT5fDVioQ","UCjpuvywmHwBFlmhT5fDVioQ","TRUE","none","0","2020-09-28T18:41:25Z","2020-09-28T18:41:25Z"
"84","GL6dasaA9e0","Another channel Markus Rothkranz says lectins are ok and actually  good for you as those substances also kill cancer cells. He looks amazing too. Looks 30 when he is 59","Another channel Markus Rothkranz says lectins are ok and actually  good for you as those substances also kill cancer cells. He looks amazing too. Looks 30 when he is 59","Jane Slater","https://yt3.ggpht.com/a/AATXAJwz5cjvYboSxnEqeMyc1ziHwcOKXuvbJ17Nqg=s48-c-k-c0xffffffff-no-rj-mo","http://www.youtube.com/channel/UCtoGtf39FZffC9M31h3sdIg","UCtoGtf39FZffC9M31h3sdIg","TRUE","none","0","2020-09-28T17:18:35Z","2020-09-28T17:18:35Z"
"85","GL6dasaA9e0","Alkaloids are also plant protecters","Alkaloids are also plant protecters","Michael Harned","https://yt3.ggpht.com/a/AATXAJzkkRaYySoNQCJypjDuVGidnylt2EC3uiveyQ=s48-c-k-c0xffffffff-no-rj-mo","http://www.youtube.com/channel/UCXseT6EQ2SAq8BEp9ljRLTg","UCXseT6EQ2SAq8BEp9ljRLTg","TRUE","none","1","2020-09-28T16:52:22Z","2020-09-28T16:52:22Z"
"86","GL6dasaA9e0","All these mice experiments... <U+0001F926><U+200D><U+2642><U+FE0F>
Mice are NOT HUMANS, no matter how similar the DNA!","All these mice experiments... <U+0001F926><U+200D><U+2642><U+FE0F>
Mice are NOT HUMANS, no matter how similar the DNA!","xMCxVSxARBITERx","https://yt3.ggpht.com/a/AATXAJwwctBtC3H0HaZdeXz_KPVlmHb_tG-YSzaMbK0j=s48-c-k-c0xffffffff-no-rj-mo","http://www.youtube.com/channel/UCD4cH37WY1gGWMksXx4leRA","UCD4cH37WY1gGWMksXx4leRA","TRUE","none","0","2020-09-28T11:15:17Z","2020-09-28T11:16:08Z"
"87","GL6dasaA9e0","""Without changing anything""... *Completely changed her diet*","""Without changing anything""... *Completely changed her diet*","xMCxVSxARBITERx","https://yt3.ggpht.com/a/AATXAJwwctBtC3H0HaZdeXz_KPVlmHb_tG-YSzaMbK0j=s48-c-k-c0xffffffff-no-rj-mo","http://www.youtube.com/channel/UCD4cH37WY1gGWMksXx4leRA","UCD4cH37WY1gGWMksXx4leRA","TRUE","none","5","2020-09-28T10:45:56Z","2020-09-28T10:45:56Z"
"88","GL6dasaA9e0","Liar doctor","Liar doctor","Andre Lobo","https://yt3.ggpht.com/a/AATXAJzLA-0AgRO5txWghZqDRriX1aBpJXvipoxZ9yujxw=s48-c-k-c0xffffffff-no-rj-mo","http://www.youtube.com/channel/UCAi6YXAEGZeQ1__RPVLUSSQ","UCAi6YXAEGZeQ1__RPVLUSSQ","TRUE","none","0","2020-09-28T02:26:26Z","2020-09-28T02:26:26Z"
"89","GL6dasaA9e0","This man is the bomb","This man is the bomb","nisa talia","https://yt3.ggpht.com/a/AATXAJyaYzsY43jlzGZyYTHu36mLbeOo8S3EQ4EawUo8Aw=s48-c-k-c0xffffffff-no-rj-mo","http://www.youtube.com/channel/UCcNiBB6sRkbv3itTF7MCdAw","UCcNiBB6sRkbv3itTF7MCdAw","TRUE","none","0","2020-09-27T21:07:53Z","2020-09-27T21:07:53Z"
"90","GL6dasaA9e0","I listened only a seconds and when he said 5 kidney beans kill a man and our body made from bacteria I just shut it off. He is just selling his product.","I listened only a seconds and when he said 5 kidney beans kill a man and our body made from bacteria I just shut it off. He is just selling his product.","mazhar BUTT","https://yt3.ggpht.com/a/AATXAJxC2PhEq9n3SSmBfAx7P7XsifpdXGI_1-sojQ=s48-c-k-c0xffffffff-no-rj-mo","http://www.youtube.com/channel/UChzwNM80ikZMaRxa15fuvpg","UChzwNM80ikZMaRxa15fuvpg","TRUE","none","0","2020-09-27T18:05:34Z","2020-09-27T18:05:34Z"
"91","GL6dasaA9e0","Strange doctor<U+0001F92D>","Strange doctor<U+0001F92D>","del1793 yretsym","https://yt3.ggpht.com/a/AATXAJyV7Nznb0_07UW5fXY16oTxB9VCGGptO4ctjW04=s48-c-k-c0xffffffff-no-rj-mo","http://www.youtube.com/channel/UCZcnqJmD6I7p0XKLM4VQ-vA","UCZcnqJmD6I7p0XKLM4VQ-vA","TRUE","none","0","2020-09-27T16:53:52Z","2020-09-27T16:53:52Z"
"92","GL6dasaA9e0","Sound like god said if you don't eat certain foods that your life will be prolong. Also follow his comments.","Sound like god said if you don't eat certain foods that your life will be prolong. Also follow his comments.","Candi Cosens","https://yt3.ggpht.com/a/AATXAJyjoMsApVPkVmJQVVe5yRxp_xY8AlzvA5uiNg=s48-c-k-c0xffffffff-no-rj-mo","http://www.youtube.com/channel/UCStsh9oXaTMZvlxpynmQvfg","UCStsh9oXaTMZvlxpynmQvfg","TRUE","none","0","2020-09-27T14:02:25Z","2020-09-27T14:02:25Z"
"93","GL6dasaA9e0","This is the guy that told us masks would kill us during Covid.","This is the guy that told us masks would kill us during Covid.","Joefest99","https://yt3.ggpht.com/a/AATXAJypTGHaGtU-gG5tZCoxdCOJQOq776gJSfANFQ=s48-c-k-c0xffffffff-no-rj-mo","http://www.youtube.com/channel/UCizHeVyolwXv02g3u4svtWQ","UCizHeVyolwXv02g3u4svtWQ","TRUE","none","2","2020-09-27T02:24:11Z","2020-09-27T02:24:11Z"
"94","GL6dasaA9e0","During this interview you both must have exchanged lot of bacteria. You both sitting smooch away.","During this interview you both must have exchanged lot of bacteria. You both sitting smooch away.","schaumburg g","https://yt3.ggpht.com/a/AATXAJynrQU0e_G3Djw_6p7g3wQo4pLR08D9WJdi6w=s48-c-k-c0xffffffff-no-rj-mo","http://www.youtube.com/channel/UCTjrCsKsd-XXU3bbooytgdA","UCTjrCsKsd-XXU3bbooytgdA","TRUE","none","0","2020-09-26T23:06:06Z","2020-09-26T23:06:06Z"
"95","GL6dasaA9e0","The “body as mechanism” or “body as computer” way of talking by health authorities and doctors needs to be done away with. Do they teach this at Yale? A new, more honest, way of communication is needed. I know, how about “body as organism”? After all, the body is an organism.","The “body as mechanism” or “body as computer” way of talking by health authorities and doctors needs to be done away with. Do they teach this at Yale? A new, more honest, way of communication is needed. I know, how about “body as organism”? After all, the body is an organism.","RakeRocter","https://yt3.ggpht.com/a/AATXAJyY9jYiS6ZIgGrjgoHgL8LoSTfe69EZCOrjU-qk=s48-c-k-c0xffffffff-no-rj-mo","http://www.youtube.com/channel/UCoyX4IK6U9w35hFd5E1qgiw","UCoyX4IK6U9w35hFd5E1qgiw","TRUE","none","0","2020-09-26T16:34:49Z","2020-09-26T20:04:49Z"
"96","GL6dasaA9e0","This guy is an idiot","This guy is an idiot","Adam Dille","https://yt3.ggpht.com/a/AATXAJxzmsBVoQpv1nW57DcABpJ7WsI5wzLKogcwTA=s48-c-k-c0xffffffff-no-rj-mo","http://www.youtube.com/channel/UCaS6ccuAQAuTCfywMeTMv9w","UCaS6ccuAQAuTCfywMeTMv9w","TRUE","none","0","2020-09-26T01:42:29Z","2020-09-26T01:42:29Z"
"97","GL6dasaA9e0","So 5 raw kidney bneas will do it, eh?","So 5 raw kidney bneas will do it, eh?","MilaEm","https://yt3.ggpht.com/a/AATXAJyVU8I8hNVZEieqxf7EWkca8t0hGCr8UQDCnHc-=s48-c-k-c0xffffffff-no-rj-mo","http://www.youtube.com/channel/UCatTpRk-xvzzkXLB2VbmegA","UCatTpRk-xvzzkXLB2VbmegA","TRUE","none","0","2020-09-25T19:34:15Z","2020-09-25T19:34:15Z"
"98","GL6dasaA9e0","Bullshit","Bullshit","Pedja Manasijevic","https://yt3.ggpht.com/a/AATXAJx-fES1lJ9IB751Z7GgROyKJlMbMI4NR2iRBlzpKKE=s48-c-k-c0xffffffff-no-rj-mo","http://www.youtube.com/channel/UCc84mt5-siOERextkO841Zw","UCc84mt5-siOERextkO841Zw","TRUE","none","0","2020-09-25T09:21:54Z","2020-09-25T09:21:54Z"
"99","GL6dasaA9e0","What does God say? Give thanks for it and it's not gonna hurt ya! Simple enough for me, if this bible is true? 1 Timothy 4:1-4  Now the Spirit speaks expressly, that in the latter times some shall depart from the faith.......and commanding to abstain from meats, which God hath created to be received with thanksgiving of them which believe and know the truth.
For every creature of God is good, and nothing to be refused, if it be received with thanksgiving:","What does God say? Give thanks for it and it's not gonna hurt ya! Simple enough for me, if this bible is true? 1 Timothy 4:1-4  Now the Spirit speaks expressly, that in the latter times some shall depart from the faith.......and commanding to abstain from meats, which God hath created to be received with thanksgiving of them which believe and know the truth.
For every creature of God is good, and nothing to be refused, if it be received with thanksgiving:","David Goetz","https://yt3.ggpht.com/a/AATXAJx3UFd7lsz9ONg_1m1P25fM4ch0l5Hpd-Jmgw=s48-c-k-c0xffffffff-no-rj-mo","http://www.youtube.com/channel/UCt4VqjdFGxv-HepxRBjz-HA","UCt4VqjdFGxv-HepxRBjz-HA","TRUE","none","0","2020-09-25T03:20:06Z","2020-09-25T03:20:06Z"
"100","GL6dasaA9e0","All of a sudden everyone is an expert on a topic that you clearly know nothing about.   I’ve cured my own chronic diseases and regressed Fibromyalgia with food.  I was a very sick person who needed to use a wheelchair because my pain and stiffness was intolerable.  My gut issues were chronic. Everything I ate made me so sick. I saw 6 specialists and was severely depressed with anxiety disorder. 
 I changed my diet and lifestyle and within 8 months I was healthier than I’d ever been in my life.  17 of 19 daily meds eliminated and ZERO pain. I also lost 34kgs (75lbs).    I followed the advice from my rheumatologist which was to eliminate sugar, wheat, nightshades, legumes, meat and dairy from my diet.  Clearly it worked and I wanted to know how and why, so I went back to university and studied a Bachelor of Health Sciences - Nutritional Dietetics.   I can 100% assure you that this guy is right.  Everything he says is proven by science to be correct.   I’m living proof.  
I didn’t buy any of his books or products and still haven’t.  But I did listen to interviews like this one from him and at least a dozen other doctors and scientists who share the same message.  

The reason people write books and develop products is to assist people who don’t have the time, inclination, or intelligence to spend 5 years of their life doing their own research like I did. 

You probably don’t know that apricot and cherry seeds are the most lethal poisons ever.  

You’re all ignorant like I used to be.","All of a sudden everyone is an expert on a topic that you clearly know nothing about.   I’ve cured my own chronic diseases and regressed Fibromyalgia with food.  I was a very sick person who needed to use a wheelchair because my pain and stiffness was intolerable.  My gut issues were chronic. Everything I ate made me so sick. I saw 6 specialists and was severely depressed with anxiety disorder. 
 I changed my diet and lifestyle and within 8 months I was healthier than I’d ever been in my life.  17 of 19 daily meds eliminated and ZERO pain. I also lost 34kgs (75lbs).    I followed the advice from my rheumatologist which was to eliminate sugar, wheat, nightshades, legumes, meat and dairy from my diet.  Clearly it worked and I wanted to know how and why, so I went back to university and studied a Bachelor of Health Sciences - Nutritional Dietetics.   I can 100% assure you that this guy is right.  Everything he says is proven by science to be correct.   I’m living proof.  
I didn’t buy any of his books or products and still haven’t.  But I did listen to interviews like this one from him and at least a dozen other doctors and scientists who share the same message.  

The reason people write books and develop products is to assist people who don’t have the time, inclination, or intelligence to spend 5 years of their life doing their own research like I did. 

You probably don’t know that apricot and cherry seeds are the most lethal poisons ever.  

You’re all ignorant like I used to be.","Lynda Reid","https://yt3.ggpht.com/a/AATXAJz_ZNi2SVFcvkPp2KA6kazVHIayGPVWwq7jLsA6=s48-c-k-c0xffffffff-no-rj-mo","http://www.youtube.com/channel/UC_ChAQXxtUgU_0t64FsuhrA","UC_ChAQXxtUgU_0t64FsuhrA","TRUE","none","4","2020-09-25T00:29:29Z","2020-09-25T00:29:29Z"
